,candidate,batch,length,cap,substring-cap,s-o-sCap,all-cap,non-cap,non-discriminative,cumulative,Z_ScoreUnweighted,class,normalized_cap,normalized_capnormalized_substring-cap,normalized_s-o-sCap,normalized_all-cap,normalized_non-cap,normalized_non-discriminative,probability,status
1,goodbye,18,1,2,0,0,1,2,7,12,-0.021657947039253653,,0.16666666666666666,0.0,0.0,0.08333333333333333,0.16666666666666666,0.5833333333333334,0.3717237518847362,b
2,donald,8,1,66,0,0,0,0,0,66,0.8478101813729657,,1.0,0.0,0.0,0.0,0.0,0.0,0.9999985144281818,g
4,carter page,0,2,407,1,0,0,11,49,468,7.320517359552821,,0.8696581196581197,0.002136752136752137,0.0,0.0,0.023504273504273504,0.1047008547008547,0.958800420227893,g
12,bad things,36,2,113,0,0,0,0,0,113,1.6045694783243418,,1.0,0.0,0.0,0.0,0.0,0.0,0.9833076278195383,g
18,standing,30,1,0,0,0,1,10,0,11,-0.03775920867651698,,0.0,0.0,0.0,0.09090909090909091,0.9090909090909091,0.0,0.008581408981008492,b
24,maia,51,1,94,0,53,0,20,4,171,2.5384426532856144,,0.5497076023391813,0.0,0.30994152046783624,0.0,0.11695906432748537,0.023391812865497075,0.9709802978838888,g
25,american,0,1,58,0,0,0,0,52,110,1.5562656934125518,,0.5272727272727272,0.0,0.0,0.0,0.0,0.4727272727272727,0.9594348217149917,g
28,back,36,1,0,0,1,1,26,4,32,0.3003672857060128,,0.0,0.0,0.03125,0.03125,0.8125,0.125,0.009732779932596455,b
33,folks,6,1,0,0,0,2,6,0,8,-0.08606299358830694,,0.0,0.0,0.0,0.25,0.75,0.0,0.028450042861219438,b
34,frankie edgar,51,2,22,1,0,0,0,5,28,0.2359622391569595,,0.7857142857142857,0.03571428571428571,0.0,0.0,0.0,0.17857142857142858,0.9306092945510044,g
36,on the loose,31,3,30,0,0,0,0,3,33,0.3164685473432761,,0.9090909090909091,0.0,0.0,0.0,0.0,0.09090909090909091,0.43080956131758635,a
38,102.7 kiis fm,34,3,0,6,0,0,0,0,6,-0.11826551686283358,,0.0,1.0,0.0,0.0,0.0,0.0,0.00846632817257649,b
42,australia,25,1,6,2,4,0,1,6,19,0.0910508844215896,,0.3157894736842105,0.10526315789473684,0.21052631578947367,0.0,0.05263157894736842,0.3157894736842105,0.7954934140766013,g
45,sing,18,1,1,0,3,0,3,3,10,-0.053860470313780294,,0.1,0.0,0.3,0.0,0.3,0.3,0.17108933065829918,b
46,mma,56,1,0,0,0,9,1,0,10,-0.053860470313780294,,0.0,0.0,0.0,0.9,0.1,0.0,0.8006305244772267,g
48,slavery,44,1,1,0,0,0,8,2,11,-0.03775920867651698,,0.09090909090909091,0.0,0.0,0.0,0.7272727272727273,0.18181818181818182,0.026288611975993834,b
51,russians,0,1,6,0,0,0,0,0,6,-0.11826551686283358,,1.0,0.0,0.0,0.0,0.0,0.0,0.9999985144281818,g
55,whites,41,1,3,0,0,0,10,0,13,-0.00555668540199033,,0.23076923076923078,0.0,0.0,0.0,0.7692307692307693,0.0,0.07914653457403655,b
61,sessions,6,1,1,0,0,0,4,0,5,-0.1343667785000969,,0.2,0.0,0.0,0.0,0.8,0.0,0.056216583766241696,b
65,actually,16,1,1,0,2,0,10,2,15,0.026645837872536313,,0.06666666666666667,0.0,0.13333333333333333,0.0,0.6666666666666666,0.13333333333333333,0.030629198660899432,b
75,gop,5,1,1,0,0,76,0,4,81,1.0893291059319157,,0.012345679012345678,0.0,0.0,0.9382716049382716,0.0,0.04938271604938271,0.8730473748812582,g
78,wh,3,1,0,0,0,5,0,1,6,-0.11826551686283358,,0.0,0.0,0.0,0.8333333333333334,0.0,0.16666666666666666,0.8114605262148772,g
79,meia,54,1,0,0,0,0,8,0,8,-0.08606299358830694,,0.0,0.0,0.0,0.0,1.0,0.0,0.004519101921074555,b
80,america,4,1,20,0,4,0,14,5,43,0.4774811637159094,,0.46511627906976744,0.0,0.09302325581395349,0.0,0.32558139534883723,0.11627906976744186,0.8449732800778522,g
90,joe,1,1,10,0,0,1,0,10,21,0.12325340769611624,,0.47619047619047616,0.0,0.0,0.047619047619047616,0.0,0.47619047619047616,0.9466388050556319,g
96,scarface,51,1,27,0,2,0,10,2,41,0.4452786404413827,,0.6585365853658537,0.0,0.04878048780487805,0.0,0.24390243902439024,0.04878048780487805,0.9773339615507766,g
97,excited,20,1,1,0,0,0,4,1,6,-0.11826551686283358,,0.16666666666666666,0.0,0.0,0.0,0.6666666666666666,0.16666666666666666,0.06397763523403938,b
99,new,36,1,2,0,1,2,42,1,48,0.557987471902226,,0.041666666666666664,0.0,0.020833333333333332,0.041666666666666664,0.875,0.020833333333333332,0.011874537865722156,b
100,left,43,1,2,0,0,0,9,0,11,-0.03775920867651698,,0.18181818181818182,0.0,0.0,0.0,0.8181818181818182,0.0,0.0444330297930314,b
102,eurovision,22,1,6,0,2,0,1,1,10,-0.053860470313780294,,0.6,0.0,0.2,0.0,0.1,0.1,0.9805240511339104,g
108,sean spicer,0,2,8,0,0,0,0,12,20,0.10715214605885293,,0.4,0.0,0.0,0.0,0.0,0.6,0.37808309347287145,b
112,love,25,1,1,0,3,4,53,41,102,1.4274556003144454,,0.00980392156862745,0.0,0.029411764705882353,0.0392156862745098,0.5196078431372549,0.4019607843137255,0.03175241510685459,b
115,hillary clinton,3,2,3,0,0,0,0,5,8,-0.08606299358830694,,0.375,0.0,0.0,0.0,0.0,0.625,0.3333233780248391,b
116,ahca,14,1,0,0,0,5,0,0,5,-0.1343667785000969,,0.0,0.0,0.0,1.0,0.0,0.0,0.882373505898254,g
117,need,40,1,0,0,0,1,9,2,12,-0.021657947039253653,,0.0,0.0,0.0,0.08333333333333333,0.75,0.16666666666666666,0.014366478495853327,b
127,bc,18,1,0,0,0,1,5,1,7,-0.10216425522557027,,0.0,0.0,0.0,0.14285714285714285,0.7142857142857143,0.14285714285714285,0.020755433315682425,b
134,wrong,7,1,0,0,0,1,5,1,7,-0.10216425522557027,,0.0,0.0,0.0,0.14285714285714285,0.7142857142857143,0.14285714285714285,0.020755433315682425,b
135,jorge,51,1,10,0,2,0,2,0,14,0.010544576235272992,,0.7142857142857143,0.0,0.14285714285714285,0.0,0.14285714285714285,0.0,0.9913071204418203,g
138,hate,42,1,0,0,1,1,20,2,24,0.17155719260790622,,0.0,0.0,0.041666666666666664,0.041666666666666664,0.8333333333333334,0.08333333333333333,0.009551611727241328,b
139,genius,23,1,6,0,0,0,0,0,6,-0.11826551686283358,,1.0,0.0,0.0,0.0,0.0,0.0,0.9999985144281818,g
141,syria,0,1,6,0,0,0,0,2,8,-0.08606299358830694,,0.75,0.0,0.0,0.0,0.0,0.25,0.9948257863042756,g
150,instagram,31,1,83,0,0,0,1,1,85,1.1537341524809688,,0.9764705882352941,0.0,0.0,0.0,0.011764705882352941,0.011764705882352941,0.9999977855453019,g
154,far,45,1,0,0,0,1,4,0,5,-0.1343667785000969,,0.0,0.0,0.0,0.2,0.8,0.0,0.01936977774212119,b
155,noah,34,1,24,0,0,0,0,0,24,0.17155719260790622,,1.0,0.0,0.0,0.0,0.0,0.0,0.9999985144281818,g
157,fisa court,6,2,1,63,0,0,0,0,64,0.8156076580984392,,0.015625,0.984375,0.0,0.0,0.0,0.0,0.026832139416553092,b
181,dad,25,1,5,0,0,0,6,0,11,-0.03775920867651698,,0.45454545454545453,0.0,0.0,0.0,0.5454545454545454,0.0,0.6449201063918969,a
185,sweden,21,1,4,0,0,0,0,1,5,-0.1343667785000969,,0.8,0.0,0.0,0.0,0.0,0.2,0.9966499009986431,g
189,snapchat,31,1,154,0,0,0,51,0,205,3.085885548952567,,0.751219512195122,0.0,0.0,0.0,0.24878048780487805,0.0,0.9889693119920163,g
191,wonder,7,1,1,0,3,0,2,0,6,-0.11826551686283358,,0.16666666666666666,0.0,0.5,0.0,0.3333333333333333,0.0,0.3085592965279961,b
201,repeal,13,1,2,0,2,1,17,2,24,0.17155719260790622,,0.08333333333333333,0.0,0.08333333333333333,0.041666666666666664,0.7083333333333334,0.08333333333333333,0.03415217145720745,b
206,carson,32,1,3,0,0,0,0,24,27,0.2198609775196962,,0.1111111111111111,0.0,0.0,0.0,0.0,0.8888888888888888,0.28489454791595614,b
212,go,3,1,4,0,1,1,63,12,81,1.0893291059319157,,0.04938271604938271,0.0,0.012345679012345678,0.012345679012345678,0.7777777777777778,0.14814814814814814,0.015797087519757207,b
215,carter,0,1,6,0,1,0,0,2,9,-0.06996173195104362,,0.6666666666666666,0.0,0.1111111111111111,0.0,0.0,0.2222222222222222,0.9910193674460949,g
221,voted,14,1,0,0,0,0,38,5,43,0.4774811637159094,,0.0,0.0,0.0,0.0,0.8837209302325582,0.11627906976744186,0.0065440506795835,b
223,hold,8,1,0,0,2,0,5,1,8,-0.08606299358830694,,0.0,0.0,0.25,0.0,0.625,0.125,0.02187325023428043,b
231,lose,13,1,1,0,0,1,12,3,17,0.05884836114706296,,0.058823529411764705,0.0,0.0,0.058823529411764705,0.7058823529411765,0.17647058823529413,0.026467688994292016,b
233,free,45,1,1,0,0,0,5,0,6,-0.11826551686283358,,0.16666666666666666,0.0,0.0,0.0,0.8333333333333334,0.0,0.03651492641149733,b
236,fbi fisa,7,2,0,0,0,55,0,0,55,0.6706963033630692,,0.0,0.0,0.0,1.0,0.0,0.0,0.4217380804102013,a
238,see,17,1,1,0,2,0,61,7,71,0.9283164895592824,,0.014084507042253521,0.0,0.028169014084507043,0.0,0.8591549295774648,0.09859154929577464,0.008338632787285171,b
239,liberals,42,1,2,0,6,0,13,0,21,0.12325340769611624,,0.09523809523809523,0.0,0.2857142857142857,0.0,0.6190476190476191,0.0,0.05784406992698946,b
240,liberal,15,1,1,0,0,0,4,2,7,-0.10216425522557027,,0.14285714285714285,0.0,0.0,0.0,0.5714285714285714,0.2857142857142857,0.07214130110368318,b
248,hailee steinfeld,32,2,7,0,0,0,0,0,7,-0.10216425522557027,,1.0,0.0,0.0,0.0,0.0,0.0,0.9833076278195383,g
249,ufc,51,1,0,0,0,63,8,0,71,0.9283164895592824,,0.0,0.0,0.0,0.8873239436619719,0.11267605633802817,0.0,0.7869805407628585,g
252,trumpcare,11,1,6,0,0,0,0,1,7,-0.10216425522557027,,0.8571428571428571,0.0,0.0,0.0,0.0,0.14285714285714285,0.9999869567210825,g
256,real,2,1,0,0,1,1,18,3,23,0.1554559309706429,,0.0,0.0,0.043478260869565216,0.043478260869565216,0.782608695652174,0.13043478260869565,0.011489692537685642,b
259,aussies,25,1,19,0,0,0,0,0,19,0.0910508844215896,,1.0,0.0,0.0,0.0,0.0,0.0,0.9999985144281818,g
263,matchmaker joe silva,52,3,1,5,0,0,0,0,6,-0.11826551686283358,,0.16666666666666666,0.8333333333333334,0.0,0.0,0.0,0.0,0.01703950746972023,b
269,proud,31,1,2,0,3,1,23,1,30,0.2681647624314862,,0.06666666666666667,0.0,0.1,0.03333333333333333,0.7666666666666667,0.03333333333333333,0.023330062577220194,b
276,holy,4,1,2,0,3,0,0,0,5,-0.1343667785000969,,0.4,0.0,0.6,0.0,0.0,0.0,0.9361470068976923,g
277,harry,34,1,28,0,0,0,0,1,29,0.2520635007942228,,0.9655172413793104,0.0,0.0,0.0,0.0,0.034482758620689655,0.9999975684550905,g
278,red carpet,34,2,1,0,0,0,27,0,28,0.2359622391569595,,0.03571428571428571,0.0,0.0,0.0,0.9642857142857143,0.0,0.0016906290599444853,b
280,guys,32,1,1,0,0,0,6,3,10,-0.053860470313780294,,0.1,0.0,0.0,0.0,0.6,0.3,0.04571806169406088,b
289,comey,2,1,60,0,3,0,0,2,65,0.8317089197357025,,0.9230769230769231,0.0,0.046153846153846156,0.0,0.0,0.03076923076923077,0.9999959968106816,g
295,2013 feels,35,2,0,0,0,27,0,0,27,0.2198609775196962,,0.0,0.0,0.0,1.0,0.0,0.0,0.4217380804102013,a
300,susan rice,0,2,5,0,0,0,0,0,5,-0.1343667785000969,,1.0,0.0,0.0,0.0,0.0,0.0,0.9833076278195383,g
315,bjj,54,1,0,0,0,21,6,0,27,0.2198609775196962,,0.0,0.0,0.0,0.7777777777777778,0.2222222222222222,0.0,0.637278981037151,a
320,blacks,43,1,1,0,1,0,16,0,18,0.07494962278432628,,0.05555555555555555,0.0,0.05555555555555555,0.0,0.8888888888888888,0.0,0.011419526930972103,b
323,slow hands,33,2,27,0,0,0,0,1,28,0.2359622391569595,,0.9642857142857143,0.0,0.0,0.0,0.0,0.03571428571428571,0.979129030761657,g
326,job,14,1,1,0,0,0,9,1,11,-0.03775920867651698,,0.09090909090909091,0.0,0.0,0.0,0.8181818181818182,0.09090909090909091,0.018953395485041255,b
332,house republicans,11,2,37,0,0,0,1,1,39,0.41307611716685605,,0.9487179487179487,0.0,0.0,0.0,0.02564102564102564,0.02564102564102564,0.9754148087254939,g
334,louis,34,1,28,0,0,0,0,0,28,0.2359622391569595,,1.0,0.0,0.0,0.0,0.0,0.0,0.9999985144281818,g
337,getting,15,1,47,0,0,0,10,3,60,0.7512026115493858,,0.7833333333333333,0.0,0.0,0.0,0.16666666666666666,0.05,0.9936993315585702,g
356,page,1,1,17,0,1,0,5,3,26,0.20375971588243286,,0.6538461538461539,0.0,0.038461538461538464,0.0,0.19230769230769232,0.11538461538461539,0.979917730998858,g
358,earth,46,1,1,0,0,0,16,0,17,0.05884836114706296,,0.058823529411764705,0.0,0.0,0.0,0.9411764705882353,0.0,0.009254279126534117,b
360,town,32,1,47,0,0,1,0,1,49,0.5740887335394893,,0.9591836734693877,0.0,0.0,0.02040816326530612,0.0,0.02040816326530612,0.9999976917049366,g
363,party,12,1,6,0,6,0,68,3,83,1.1215316292064423,,0.07228915662650602,0.0,0.07228915662650602,0.0,0.8192771084337349,0.03614457831325301,0.017304067370047437,b
370,liam payne,31,2,25,0,0,0,0,25,50,0.5901899951767526,,0.5,0.0,0.0,0.0,0.0,0.5,0.5800692381412867,a
372,fisa warrant,2,2,3,86,0,1,0,3,93,1.2825442455790754,,0.03225806451612903,0.9247311827956989,0.0,0.010752688172043012,0.0,0.03225806451612903,0.03097015435992421,b
373,racism,42,1,0,0,1,1,34,1,37,0.38087359389232944,,0.0,0.0,0.02702702702702703,0.02702702702702703,0.918918918918919,0.02702702702702703,0.006670588407919062,b
375,die,16,1,1,0,0,0,8,1,10,-0.053860470313780294,,0.1,0.0,0.0,0.0,0.8,0.1,0.022017614883732172,b
380,two,28,1,0,0,1,1,7,0,9,-0.06996173195104362,,0.0,0.0,0.1111111111111111,0.1111111111111111,0.7777777777777778,0.0,0.016629645582797437,b
382,liam,31,1,204,0,211,1,51,529,996,15.821983504027855,,0.20481927710843373,0.0,0.21184738955823293,0.001004016064257028,0.05120481927710843,0.5311244979919679,0.546618639388441,a
385,hitler,3,1,4,0,0,0,59,1,64,0.8156076580984392,,0.0625,0.0,0.0,0.0,0.921875,0.015625,0.01019917445027539,b
386,right,4,1,0,0,1,2,82,7,92,1.266442983941812,,0.0,0.0,0.010869565217391304,0.021739130434782608,0.8913043478260869,0.07608695652173914,0.00702064416854292,b
395,james comey,1,2,54,0,0,0,0,0,54,0.6545950417258058,,1.0,0.0,0.0,0.0,0.0,0.0,0.9833076278195383,g
396,care,16,1,1,0,0,0,14,3,18,0.07494962278432628,,0.05555555555555555,0.0,0.0,0.0,0.7777777777777778,0.16666666666666666,0.01572776275982886,b
403,congress,4,1,10,0,1,0,1,1,13,-0.00555668540199033,,0.7692307692307693,0.0,0.07692307692307693,0.0,0.07692307692307693,0.07692307692307693,0.995238892053558,g
407,adam,33,1,0,0,2,1,2,2,7,-0.10216425522557027,,0.0,0.0,0.2857142857142857,0.14285714285714285,0.2857142857142857,0.2857142857142857,0.12586191458289533,b
408,lot,2,1,0,0,1,1,8,0,10,-0.053860470313780294,,0.0,0.0,0.1,0.1,0.8,0.0,0.014511330311248643,b
420,demian,55,1,4,0,0,0,4,3,11,-0.03775920867651698,,0.36363636363636365,0.0,0.0,0.0,0.36363636363636365,0.2727272727272727,0.6019015834195177,a
425,last,28,1,1,0,2,0,22,1,26,0.20375971588243286,,0.038461538461538464,0.0,0.07692307692307693,0.0,0.8461538461538461,0.038461538461538464,0.011563492814185157,b
431,jolene,32,1,28,0,0,0,0,1,29,0.2520635007942228,,0.9655172413793104,0.0,0.0,0.0,0.0,0.034482758620689655,0.9999975684550905,g
448,republicans,11,1,11,0,5,0,18,2,36,0.3647723322550661,,0.3055555555555556,0.0,0.1388888888888889,0.0,0.5,0.05555555555555555,0.380656389084851,b
452,niam,33,1,3,0,4,0,0,35,42,0.46137990207864604,,0.07142857142857142,0.0,0.09523809523809523,0.0,0.0,0.8333333333333334,0.24099700555260448,b
453,niall horan,31,2,16,0,0,0,0,0,16,0.04274709950979964,,1.0,0.0,0.0,0.0,0.0,0.0,0.9833076278195383,g
456,white people,45,2,3,2,0,0,9,3,17,0.05884836114706296,,0.17647058823529413,0.11764705882352941,0.0,0.0,0.5294117647058824,0.17647058823529413,0.018327189910476067,b
460,wapo,0,1,3,0,0,2,0,0,5,-0.1343667785000969,,0.6,0.0,0.0,0.4,0.0,0.0,0.9956227697098843,g
462,zedd,32,1,44,0,0,0,22,56,122,1.7494808330597118,,0.36065573770491804,0.0,0.0,0.0,0.18032786885245902,0.45901639344262296,0.7317066729909195,a
463,big,3,1,0,0,0,2,10,4,16,0.04274709950979964,,0.0,0.0,0.0,0.125,0.625,0.25,0.026719641990187174,b
468,cbo,11,1,0,0,0,6,0,0,6,-0.11826551686283358,,0.0,0.0,0.0,1.0,0.0,0.0,0.882373505898254,g
486,salvador,23,1,4,0,1,0,0,0,5,-0.1343667785000969,,0.8,0.0,0.2,0.0,0.0,0.0,0.9974631501514346,g
487,get,18,1,5,0,2,0,119,8,134,1.9426959727068716,,0.03731343283582089,0.0,0.014925373134328358,0.0,0.8880597014925373,0.05970149253731343,0.009220056446837691,b
488,replace,13,1,2,0,0,1,7,1,11,-0.03775920867651698,,0.18181818181818182,0.0,0.0,0.09090909090909091,0.6363636363636364,0.09090909090909091,0.11359070664346871,b
491,answer,15,1,0,0,28,47,6,4,85,1.1537341524809688,,0.0,0.0,0.32941176470588235,0.5529411764705883,0.07058823529411765,0.047058823529411764,0.6389258636983914,a
494,really,32,1,1,0,4,0,56,1,62,0.7834051348239125,,0.016129032258064516,0.0,0.06451612903225806,0.0,0.9032258064516129,0.016129032258064516,0.007658517153212589,b
507,aca,12,1,0,0,0,5,0,0,5,-0.1343667785000969,,0.0,0.0,0.0,1.0,0.0,0.0,0.882373505898254,g
508,people,15,1,3,0,5,0,187,55,250,3.8104423226294166,,0.012,0.0,0.02,0.0,0.748,0.22,0.01193608942022615,b
517,masvidal,52,1,56,0,44,0,15,2,117,1.6689745248733951,,0.47863247863247865,0.0,0.37606837606837606,0.0,0.1282051282051282,0.017094017094017096,0.9459438659761765,g
525,twitter,42,1,20,0,1,0,1,1,23,0.1554559309706429,,0.8695652173913043,0.0,0.043478260869565216,0.0,0.043478260869565216,0.043478260869565216,0.9999881630103913,g
537,ready,32,1,0,0,0,1,5,0,6,-0.11826551686283358,,0.0,0.0,0.0,0.16666666666666666,0.8333333333333334,0.0,0.015040784712886822,b
545,octagon,57,1,1,0,0,0,5,0,6,-0.11826551686283358,,0.16666666666666666,0.0,0.0,0.0,0.8333333333333334,0.0,0.03651492641149733,b
548,wango tango,34,2,3,0,0,0,0,48,51,0.606291256814016,,0.058823529411764705,0.0,0.0,0.0,0.0,0.9411764705882353,0.04133563019790053,b
550,lives,50,1,0,0,0,1,12,0,13,-0.00555668540199033,,0.0,0.0,0.0,0.07692307692307693,0.9230769230769231,0.0,0.0077559044058639415,b
552,senate,8,1,16,0,0,0,4,1,21,0.12325340769611624,,0.7619047619047619,0.0,0.0,0.0,0.19047619047619047,0.047619047619047616,0.9918089187252154,g
562,hillary,1,1,11,0,0,0,54,0,65,0.8317089197357025,,0.16923076923076924,0.0,0.0,0.0,0.8307692307692308,0.0,0.03774772381042624,b
577,moldova,22,1,2,0,1,0,1,1,5,-0.1343667785000969,,0.4,0.0,0.2,0.0,0.2,0.2,0.8393727393594637,g
582,mlk,2,1,0,0,0,6,0,0,6,-0.11826551686283358,,0.0,0.0,0.0,1.0,0.0,0.0,0.882373505898254,g
583,demian maia,51,2,34,8,0,0,0,3,45,0.509683686990436,,0.7555555555555555,0.17777777777777778,0.0,0.0,0.0,0.06666666666666667,0.9121304735281792,g
585,rodriguez,55,1,8,0,0,0,0,0,8,-0.08606299358830694,,1.0,0.0,0.0,0.0,0.0,0.0,0.9999985144281818,g
586,judge,4,1,1,0,0,0,16,1,18,0.07494962278432628,,0.05555555555555555,0.0,0.0,0.0,0.8888888888888888,0.05555555555555555,0.010685732019342769,b
596,words,16,1,1,0,0,0,6,1,8,-0.08606299358830694,,0.125,0.0,0.0,0.0,0.75,0.125,0.033373437908984525,b
598,nunes,1,1,6,0,1,0,3,6,16,0.04274709950979964,,0.375,0.0,0.0625,0.0,0.1875,0.375,0.7744658810148128,g
603,clinton,2,1,55,0,1,0,15,2,73,0.960519012833809,,0.7534246575342466,0.0,0.0136986301369863,0.0,0.2054794520547945,0.0273972602739726,0.9909077668931024,g
610,carter page fisa,3,3,109,0,0,0,0,0,109,1.5401644317752885,,1.0,0.0,0.0,0.0,0.0,0.0,0.5269945449910203,a
621,deal,40,1,0,0,0,1,7,0,8,-0.08606299358830694,,0.0,0.0,0.0,0.125,0.875,0.0,0.011017653527560593,b
624,us,0,1,0,0,1,6,98,37,142,2.071506065804978,,0.0,0.0,0.007042253521126761,0.04225352112676056,0.6901408450704225,0.2605633802816901,0.015273642945068977,b
626,black people,42,2,1,1,0,0,3,1,6,-0.11826551686283358,,0.16666666666666666,0.16666666666666666,0.0,0.0,0.5,0.16666666666666666,0.018563017320839696,b
627,australian,22,1,44,0,0,0,0,1,45,0.509683686990436,,0.9777777777777777,0.0,0.0,0.0,0.0,0.022222222222222223,0.9999979641688288,g
628,god,10,1,62,0,78,47,36,71,294,4.518897834669003,,0.2108843537414966,0.0,0.2653061224489796,0.1598639455782313,0.12244897959183673,0.24149659863945577,0.6856513529533537,a
632,carpet,35,1,27,0,0,0,245,0,272,4.16467007864921,,0.09926470588235294,0.0,0.0,0.0,0.9007352941176471,0.0,0.015371187428231264,b
647,camila,34,1,76,0,951,0,0,51,1078,17.142286958283446,,0.07050092764378478,0.0,0.8821892393320965,0.0,0.0,0.04730983302411874,0.4353827799292342,a
651,almost,13,1,1,0,0,0,16,0,17,0.05884836114706296,,0.058823529411764705,0.0,0.0,0.0,0.9411764705882353,0.0,0.009254279126534117,b
657,obamacare,11,1,16,0,2,0,8,4,30,0.2681647624314862,,0.5333333333333333,0.0,0.06666666666666667,0.0,0.26666666666666666,0.13333333333333333,0.9266757506524861,g
668,read,10,1,1,0,1,4,10,2,18,0.07494962278432628,,0.05555555555555555,0.0,0.05555555555555555,0.2222222222222222,0.5555555555555556,0.1111111111111111,0.08649809189612565,b
671,best,32,1,3,0,0,0,16,23,42,0.46137990207864604,,0.07142857142857142,0.0,0.0,0.0,0.38095238095238093,0.5476190476190477,0.07325090862341056,b
672,scarface theme,56,2,6,0,0,0,0,0,6,-0.11826551686283358,,1.0,0.0,0.0,0.0,0.0,0.0,0.9833076278195383,g
674,white,45,1,5,0,2,0,35,5,47,0.5418862102649626,,0.10638297872340426,0.0,0.0425531914893617,0.0,0.7446808510638298,0.10638297872340426,0.030047717948703295,b
677,performing,32,1,1,0,0,0,146,0,147,2.1520123739912944,,0.006802721088435374,0.0,0.0,0.0,0.9931972789115646,0.0,0.004902706505904239,b
680,got,52,1,1,0,1,0,23,0,25,0.18765845424516953,,0.04,0.0,0.04,0.0,0.92,0.0,0.008757349910792961,b
682,dems,0,1,9,0,3,0,0,0,12,-0.021657947039253653,,0.75,0.0,0.25,0.0,0.0,0.0,0.9963394591625667,g
683,may 13th,39,2,0,45,0,0,0,0,45,0.509683686990436,,0.0,1.0,0.0,0.0,0.0,0.0,0.024109084572647245,b
689,black,44,1,3,0,0,0,5,0,8,-0.08606299358830694,,0.375,0.0,0.0,0.0,0.625,0.0,0.3801986040984552,b
696,first,12,1,2,0,5,2,23,1,33,0.3164685473432761,,0.06060606060606061,0.0,0.15151515151515152,0.06060606060606061,0.696969696969697,0.030303030303030304,0.03368095692146079,b
698,died,35,1,0,0,0,1,4,0,5,-0.1343667785000969,,0.0,0.0,0.0,0.2,0.8,0.0,0.01936977774212119,b
699,russian,2,1,16,0,0,0,1,3,20,0.10715214605885293,,0.8,0.0,0.0,0.0,0.05,0.15,0.9961768244099029,g
703,rice,1,1,0,0,0,0,111,0,111,1.5723669550498152,,0.0,0.0,0.0,0.0,1.0,0.0,0.004519101921074555,b
710,makes,29,1,1,0,1,0,12,0,14,0.010544576235272992,,0.07142857142857142,0.0,0.07142857142857142,0.0,0.8571428571428571,0.0,0.015033821441201895,b
715,george soros,27,2,26,0,0,0,0,2,28,0.2359622391569595,,0.9285714285714286,0.0,0.0,0.0,0.0,0.07142857142857142,0.973721475461364,g
719,niall,31,1,174,0,202,0,24,324,724,11.442440338692233,,0.24033149171270718,0.0,0.27900552486187846,0.0,0.03314917127071823,0.44751381215469616,0.6666399166179324,a
723,uk,23,1,0,0,0,9,0,0,9,-0.06996173195104362,,0.0,0.0,0.0,1.0,0.0,0.0,0.882373505898254,g
724,happy,18,1,1,0,0,1,7,2,11,-0.03775920867651698,,0.09090909090909091,0.0,0.0,0.09090909090909091,0.6363636363636364,0.18181818181818182,0.05248520593593102,b
734,better,16,1,0,0,0,0,9,1,10,-0.053860470313780294,,0.0,0.0,0.0,0.0,0.9,0.1,0.006201146329339319,b
739,guy,8,1,2,0,0,0,12,0,14,0.010544576235272992,,0.14285714285714285,0.0,0.0,0.0,0.8571428571428571,0.0,0.02684412685890208,b
743,looks,0,1,2,0,5,0,18,2,27,0.2198609775196962,,0.07407407407407407,0.0,0.18518518518518517,0.0,0.6666666666666666,0.07407407407407407,0.035060509169012655,b
745,report,5,1,1,0,61,0,9,3,74,0.9766202744710724,,0.013513513513513514,0.0,0.8243243243243243,0.0,0.12162162162162163,0.04054054054054054,0.22731879443908493,b
752,donald trump,1,2,49,0,0,0,0,0,49,0.5740887335394893,,1.0,0.0,0.0,0.0,0.0,0.0,0.9833076278195383,g
753,surprise,18,1,1,0,0,0,4,1,6,-0.11826551686283358,,0.16666666666666666,0.0,0.0,0.0,0.6666666666666666,0.16666666666666666,0.06397763523403938,b
762,awesome,14,1,1,0,2,0,8,0,11,-0.03775920867651698,,0.09090909090909091,0.0,0.18181818181818182,0.0,0.7272727272727273,0.0,0.03287219425731403,b
766,buy,10,1,2,0,2,0,4,0,8,-0.08606299358830694,,0.25,0.0,0.25,0.0,0.5,0.0,0.28841809591452044,b
767,take,48,1,2,0,0,0,26,0,28,0.2359622391569595,,0.07142857142857142,0.0,0.0,0.0,0.9285714285714286,0.0,0.010827291719209195,b
768,killed,39,1,0,0,0,1,14,1,16,0.04274709950979964,,0.0,0.0,0.0,0.0625,0.875,0.0625,0.00858215122131217,b
769,jorge masvidal,51,2,6,0,0,0,0,1,7,-0.10216425522557027,,0.8571428571428571,0.0,0.0,0.0,0.0,0.14285714285714285,0.957614961710446,g
771,portugal,22,1,18,0,9,0,1,5,33,0.3164685473432761,,0.5454545454545454,0.0,0.2727272727272727,0.0,0.030303030303030304,0.15151515151515152,0.9761174249869362,g
772,christian,14,1,4,0,0,0,3,0,7,-0.10216425522557027,,0.5714285714285714,0.0,0.0,0.0,0.42857142857142855,0.0,0.8986109606737843,g
775,tell,20,1,1,0,0,0,12,2,15,0.026645837872536313,,0.06666666666666667,0.0,0.0,0.0,0.8,0.13333333333333333,0.01611906235546434,b
776,prince,32,1,5,0,0,1,0,1,7,-0.10216425522557027,,0.7142857142857143,0.0,0.0,0.14285714285714285,0.0,0.14285714285714285,0.9960078475388388,g
778,2nd,28,1,0,0,0,0,9,1,10,-0.053860470313780294,,0.0,0.0,0.0,0.0,0.9,0.1,0.006201146329339319,b
779,latest,6,1,0,0,0,1,6,0,7,-0.10216425522557027,,0.0,0.0,0.0,0.14285714285714285,0.8571428571428571,0.0,0.012580725260540727,b
780,senators,12,1,3,0,0,0,2,1,6,-0.11826551686283358,,0.5,0.0,0.0,0.0,0.3333333333333333,0.16666666666666666,0.8662297599086027,g
781,bad,42,1,0,0,0,1,21,2,24,0.17155719260790622,,0.0,0.0,0.0,0.041666666666666664,0.875,0.08333333333333333,0.007909427399474618,b
789,tko,52,1,0,0,0,5,0,0,5,-0.1343667785000969,,0.0,0.0,0.0,1.0,0.0,0.0,0.882373505898254,g
791,happy birthday,39,2,23,0,0,0,0,0,23,0.1554559309706429,,1.0,0.0,0.0,0.0,0.0,0.0,0.9833076278195383,g
792,look,7,1,55,0,46,0,75,49,225,3.407910781697834,,0.24444444444444444,0.0,0.20444444444444446,0.0,0.3333333333333333,0.21777777777777776,0.4070092511369199,a
795,winning,13,1,0,0,0,1,4,1,6,-0.11826551686283358,,0.0,0.0,0.0,0.16666666666666666,0.6666666666666666,0.16666666666666666,0.027186757443241887,b
806,maroon 5,34,2,0,3,0,0,0,2,5,-0.1343667785000969,,0.0,0.6,0.0,0.0,0.0,0.4,0.023600058097677897,b
820,cnn,5,1,0,0,0,5,5,1,11,-0.03775920867651698,,0.0,0.0,0.0,0.45454545454545453,0.45454545454545453,0.09090909090909091,0.16889929263001283,b
832,single,60,1,1,0,0,0,2,2,5,-0.1343667785000969,,0.2,0.0,0.0,0.0,0.4,0.4,0.20513783196884858,b
840,hilary,9,1,53,0,0,0,15,1,69,0.8961139662847557,,0.7681159420289855,0.0,0.0,0.0,0.21739130434782608,0.014492753623188406,0.9914632382184229,g
855,democrats,11,1,7,0,6,0,2,1,16,0.04274709950979964,,0.4375,0.0,0.375,0.0,0.125,0.0625,0.9227618560831403,g
856,single day,47,2,0,0,0,15,0,0,15,0.026645837872536313,,0.0,0.0,0.0,1.0,0.0,0.0,0.4217380804102013,a
858,usa,4,1,0,0,0,5,3,1,9,-0.06996173195104362,,0.0,0.0,0.0,0.5555555555555556,0.3333333333333333,0.1111111111111111,0.3302260314588028,b
864,stupid,9,1,1,0,0,0,11,1,13,-0.00555668540199033,,0.07692307692307693,0.0,0.0,0.0,0.8461538461538461,0.07692307692307693,0.01507869263311165,b
867,hrc,2,1,0,0,0,3,54,2,59,0.7351013499121225,,0.0,0.0,0.0,0.05084745762711865,0.9152542372881356,0.03389830508474576,0.00717848907102112,b
874,spicer,2,1,67,0,18,0,8,0,93,1.2825442455790754,,0.7204301075268817,0.0,0.1935483870967742,0.0,0.08602150537634409,0.0,0.9935323148030742,g
876,dt,2,1,0,0,0,3,2,0,5,-0.1343667785000969,,0.0,0.0,0.0,0.6,0.4,0.0,0.3136756644349947,b
891,united,1,1,7,0,2,0,0,3,12,-0.021657947039253653,,0.5833333333333334,0.0,0.16666666666666666,0.0,0.0,0.25,0.9822419410952044,g
905,instagram story,32,2,3,100,0,0,0,0,103,1.4435568619517087,,0.02912621359223301,0.970873786407767,0.0,0.0,0.0,0.0,0.029461533954131737,b
906,fisa,0,1,1,0,0,87,2,2,92,1.266442983941812,,0.010869565217391304,0.0,0.0,0.9456521739130435,0.021739130434782608,0.021739130434782608,0.8670778373932881,g
909,watch,37,1,2,0,0,0,17,1,20,0.10715214605885293,,0.1,0.0,0.0,0.0,0.85,0.05,0.01844508607636376,b
918,republican,13,1,6,0,0,0,2,1,9,-0.06996173195104362,,0.6666666666666666,0.0,0.0,0.0,0.2222222222222222,0.1111111111111111,0.9789939526526492,g
920,russian agent,5,2,1,2,0,0,0,5,8,-0.08606299358830694,,0.125,0.25,0.0,0.0,0.0,0.625,0.0611180605302291,b
926,shit,32,1,0,0,0,1,22,1,24,0.17155719260790622,,0.0,0.0,0.0,0.041666666666666664,0.9166666666666666,0.041666666666666664,0.006893955214272434,b
929,miley,32,1,52,0,82,0,27,22,183,2.7316577929327743,,0.28415300546448086,0.0,0.44808743169398907,0.0,0.14754098360655737,0.12021857923497267,0.7254796336925755,a
937,numb,51,1,19,0,0,0,13,2,34,0.33256980898053945,,0.5588235294117647,0.0,0.0,0.0,0.38235294117647056,0.058823529411764705,0.9043967074062482,g
938,israel,21,1,1,0,3,0,3,1,8,-0.08606299358830694,,0.125,0.0,0.375,0.0,0.375,0.125,0.18046512674989257,b
940,msm,3,1,0,0,0,145,0,55,200,3.0053792407662505,,0.0,0.0,0.0,0.725,0.0,0.275,0.74140086611092,a
942,mcgregor,53,1,6,0,0,0,0,0,6,-0.11826551686283358,,1.0,0.0,0.0,0.0,0.0,0.0,0.9999985144281818,g
943,beast,54,1,0,0,0,3,3,0,6,-0.11826551686283358,,0.0,0.0,0.0,0.5,0.5,0.0,0.17213833160434944,b
945,rep,10,1,4,0,0,0,3,12,19,0.0910508844215896,,0.21052631578947367,0.0,0.0,0.0,0.15789473684210525,0.631578947368421,0.3958743499541834,b
954,bucks fizz,22,2,24,0,0,0,0,0,24,0.17155719260790622,,1.0,0.0,0.0,0.0,0.0,0.0,0.9833076278195383,g
961,yair,53,1,13,0,3,0,2,2,20,0.10715214605885293,,0.65,0.0,0.15,0.0,0.1,0.1,0.9868208938387818,g
962,great,41,1,1,0,8,0,22,1,32,0.3003672857060128,,0.03125,0.0,0.25,0.0,0.6875,0.03125,0.023486029252596366,b
966,moscow,6,1,56,0,0,0,0,1,57,0.7028988266375958,,0.9824561403508771,0.0,0.0,0.0,0.0,0.017543859649122806,0.9999980962431585,g
969,lynch,1,1,111,0,0,0,0,1,112,1.5884682166870785,,0.9910714285714286,0.0,0.0,0.0,0.0,0.008928571428571428,0.9999983157260532,g
970,yair rodriguez,52,2,7,0,0,0,0,2,9,-0.06996173195104362,,0.7777777777777778,0.0,0.0,0.0,0.0,0.2222222222222222,0.9266413708595689,g
973,tease,3,1,2,0,0,0,12,0,14,0.010544576235272992,,0.14285714285714285,0.0,0.0,0.0,0.8571428571428571,0.0,0.02684412685890208,b
983,con,49,1,1,0,0,0,13,0,14,0.010544576235272992,,0.07142857142857142,0.0,0.0,0.0,0.9285714285714286,0.0,0.010827291719209195,b
985,stop,32,1,53,0,0,0,37,3,93,1.2825442455790754,,0.5698924731182796,0.0,0.0,0.0,0.3978494623655914,0.03225806451612903,0.9080797301907746,g
988,trump,0,1,284,1,12,3,15,19,334,5.1629483001595355,,0.8502994011976048,0.0029940119760479044,0.03592814371257485,0.008982035928143712,0.04491017964071856,0.05688622754491018,0.9999844991181904,g
989,libs,0,1,2,0,12,0,1,2,17,0.05884836114706296,,0.11764705882352941,0.0,0.7058823529411765,0.0,0.058823529411764705,0.11764705882352941,0.46778494307419144,a
990,probable,2,1,1,0,0,0,13,0,14,0.010544576235272992,,0.07142857142857142,0.0,0.0,0.0,0.9285714285714286,0.0,0.010827291719209195,b
991,europe,17,1,16,2,1,0,5,9,33,0.3164685473432761,,0.48484848484848486,0.06060606060606061,0.030303030303030304,0.0,0.15151515151515152,0.2727272727272727,0.9188598645177425,g
995,spain,21,1,1,0,7,0,0,6,14,0.010544576235272992,,0.07142857142857142,0.0,0.5,0.0,0.0,0.42857142857142855,0.3567429646282519,b
1000,evidence,2,1,0,0,1,1,4,0,6,-0.11826551686283358,,0.0,0.0,0.16666666666666666,0.16666666666666666,0.6666666666666666,0.0,0.033264860665623404,b
1001,rich,14,1,1,0,0,0,11,2,14,0.010544576235272992,,0.07142857142857142,0.0,0.0,0.0,0.7857142857142857,0.14285714285714285,0.017730426966854354,b
1005,obama,0,1,174,0,77,0,181,237,669,10.55687094864275,,0.2600896860986547,0.0,0.11509715994020926,0.0,0.2705530642750374,0.3542600896860987,0.4698709129450562,a
1006,one,12,1,0,0,10,1,85,3,99,1.3791518154026554,,0.0,0.0,0.10101010101010101,0.010101010101010102,0.8585858585858586,0.030303030303030304,0.008323334354186028,b
1007,racist,47,1,1,0,1,0,20,3,25,0.18765845424516953,,0.04,0.0,0.04,0.0,0.8,0.12,0.013171185058464506,b
1008,americans,9,1,13,0,1,0,3,1,18,0.07494962278432628,,0.7222222222222222,0.0,0.05555555555555555,0.0,0.16666666666666666,0.05555555555555555,0.9901881065584606,g
1017,soon,5,1,0,0,0,1,27,0,28,0.2359622391569595,,0.0,0.0,0.0,0.03571428571428571,0.9642857142857143,0.0,0.005786540070147584,b
1018,together,31,1,1,0,0,0,7,0,8,-0.08606299358830694,,0.125,0.0,0.0,0.0,0.875,0.0,0.021339133532934956,b
1022,seriously,29,1,1,0,2,0,2,0,5,-0.1343667785000969,,0.2,0.0,0.4,0.0,0.4,0.0,0.30218530518720055,b
1035,flynn,0,1,7,0,0,1,1,0,9,-0.06996173195104362,,0.7777777777777778,0.0,0.0,0.1111111111111111,0.1111111111111111,0.0,0.9963408532688844,g
1036,proof,8,1,0,0,0,1,4,0,5,-0.1343667785000969,,0.0,0.0,0.0,0.2,0.8,0.0,0.01936977774212119,b
1041,hq,38,1,0,0,0,47,0,0,47,0.5418862102649626,,0.0,0.0,0.0,1.0,0.0,0.0,0.882373505898254,g
1042,making,44,1,1,0,0,0,6,0,7,-0.10216425522557027,,0.14285714285714285,0.0,0.0,0.0,0.8571428571428571,0.0,0.02684412685890208,b
1044,ukraine,21,1,6,0,2,0,0,0,8,-0.08606299358830694,,0.75,0.0,0.25,0.0,0.0,0.0,0.9963394591625667,g
1048,sad,19,1,1,0,4,0,6,1,12,-0.021657947039253653,,0.08333333333333333,0.0,0.3333333333333333,0.0,0.5,0.08333333333333333,0.0798609763197916,b
1055,washington post,0,2,27,0,0,0,0,0,27,0.2198609775196962,,1.0,0.0,0.0,0.0,0.0,0.0,0.9833076278195383,g
1064,since,27,1,1,0,1,0,6,1,9,-0.06996173195104362,,0.1111111111111111,0.0,0.1111111111111111,0.0,0.6666666666666666,0.1111111111111111,0.045484432774927634,b
1070,village,32,1,4,0,0,0,1,0,5,-0.1343667785000969,,0.8,0.0,0.0,0.0,0.2,0.0,0.9938506253996324,g
1078,russia,0,1,42,0,2,0,5,1,50,0.5901899951767526,,0.84,0.0,0.04,0.0,0.1,0.02,0.9970031494153235,g
1081,frankie,52,1,15,0,6,0,1,2,24,0.17155719260790622,,0.625,0.0,0.25,0.0,0.041666666666666664,0.08333333333333333,0.987739158963155,g
1087,healthcare,20,1,0,0,0,0,28,0,28,0.2359622391569595,,0.0,0.0,0.0,0.0,1.0,0.0,0.004519101921074555,b
1089,time,5,1,1,0,24,3,52,4,84,1.1376328908437054,,0.011904761904761904,0.0,0.2857142857142857,0.03571428571428571,0.6190476190476191,0.047619047619047616,0.030187245935832815,b
1090,linkin park,51,2,73,13,0,0,9,32,127,1.8299871412460285,,0.5748031496062992,0.10236220472440945,0.0,0.0,0.07086614173228346,0.25196850393700787,0.680647332297414,a
1091,next,34,1,0,0,0,13,31,29,73,0.960519012833809,,0.0,0.0,0.0,0.1780821917808219,0.4246575342465753,0.3972602739726027,0.06554322783816056,b
1095,mike dean liberty university stoke,30,5,2,0,0,0,0,3,5,-0.1343667785000969,,0.4,0.0,0.0,0.0,0.0,0.6,0.06190154040199621,b
1096,edgar,51,1,6,0,5,0,2,3,16,0.04274709950979964,,0.375,0.0,0.3125,0.0,0.125,0.1875,0.8584860922113264,g
1098,house,11,1,18,0,1,0,5,5,29,0.2520635007942228,,0.6206896551724138,0.0,0.034482758620689655,0.0,0.1724137931034483,0.1724137931034483,0.9744240458322011,g
1099,vote,11,1,1,0,3,1,50,4,59,0.7351013499121225,,0.01694915254237288,0.0,0.05084745762711865,0.01694915254237288,0.847457627118644,0.06779661016949153,0.009765429794844975,b
1100,fbi,0,1,60,0,0,280,20,8,368,5.710391195826489,,0.16304347826086957,0.0,0.0,0.7608695652173914,0.05434782608695652,0.021739130434782608,0.9257325563655905,g
